profile_id,social_links
5675902,['https://resource.stars.hare200.com/5675902/resize/Banner/eb447bf4-c4bc-481a-8f80-205db9cc9909.jpgZ3https://www.instagram.com/saika_kawakita__official/\x01']
5846923,['https://resource.stars.hare200.com/5846923/resize/Banner/26ebeadf-9b76-4003-95b1-58d0130f3a2b.jpgZ.https://www.instagram.com/sakuramomo_official/b\x04jvidj\x02fb\x01']
5847085,['https://resource.stars.hare200.com/5847085/resize/Banner/7869ea9a-56e7-4c9a-9575-40698658eccb.jpgZ)https://www.instagram.com/ishikawa._.mio/\x01']
5888976,[]
5846909,['https://resource.stars.hare200.com/5846909/resize/Banner/752632be-932f-4bce-9d98-034504afb66b.jpgZ&https://www.instagram.com/remu19971203\x01']
5846926,['https://resource.stars.hare200.com/5846926/resize/Banner/be22bf19-9739-4125-b712-9d0fe3b1685e.jpgZ(https://www.instagram.com/mirugram_2929/\x01']
5888980,[]
5845129,['https://resource.stars.hare200.com/5845129/resize/ModelCard/2836b305-8ee7-4dc9-b94b-7b3728fd2796.jpg\x01$https://www.instagram.com/rei.kamiki']
5564317,[]
5847086,['https://resource.stars.hare200.com/5847086/resize/Banner/aff515c1-eb84-4e87-8552-6cbc2783c609.jpgZ*https://www.instagram.com/rena__miyashita/\x01']
5647098,['https://resource.stars.hare200.com/5647098/resize/Banner/23b2070f-9588-4da6-9ee6-5a3cea27315f.jpgZ$https://www.instagram.com/myk__gram/\x01']
6038846,['https://public.hare200.com/avatar/md/90595107-2bfc-4be7-af82-9bf912d35a91/f8822fd2-0955-46b1-b265-09103fdd069c.jpeg2]å‰äººæ°£å¯«çœŸå¶åƒã€è—èƒ½äººï¼Œ2024éœ‡æ’¼å‡ºé“è½‰æˆ°AVç•Œï¼Œæ°£è³ªèˆ‡æ€§æ„Ÿçš„è±¡å¾µã€‚Rahttps://resource.stars.hare200.com/6038846/resize/Banner/dc511ddd-d9eb-4381-85e3-c95ac92ad5ed.jpgZ)https://www.instagram.com/kiho_kanematsu/\x01']
6038847,['https://public.hare200.com/avatar/md/caab5108-3334-48dd-9639-a9bf9de947ca/6e42ac2e-b4a7-4baa-859f-cc9499a875c0.jpeg2Gåƒå¹´ä¸€é‡çš„Jç½©æ¯ç¥ä¹³ï¼Œ2025æœ€å—çŸšç›®çš„è¶…ç´šæ–°äººå¥³å„ªã€‚Rahttps://resource.stars.hare200.com/6038847/resize/Banner/600e2b5f-d404-4c56-9d9b-1be4d2168e45.jpgZ$https://www.instagram.com/setokanna_\x01']
6038848,['https://public.hare200.com/avatar/md/d61386c5-205f-4a5c-abff-d4f852faf617/2627b296-291a-4904-94d4-0bcec3ab1e8a.jpeg2oæ“æœ‰è±å¯Œä½œå“çš„åŠ‡æƒ…ç‰‡å¥³ç‹ï¼Œå¸¸ä»¥æ€§æ„Ÿæˆç†Ÿå½¢è±¡æ¼”å‡ºï¼Œæ¼”æŠ€å…¥æœ¨ä¸‰åˆ†è®“äººå°è±¡æ·±åˆ»ã€‚Rahttps://resource.stars.hare200.com/6038848/resize/Banner/5ca87ace-3bcf-4453-8d87-7bed2056162f.jpgZ&https://www.instagram.com/jinguji_nao/\x01']
5846911,['https://resource.stars.hare200.com/5846911/resize/Banner/ed7e948f-b578-42a2-846f-dd78841707f4.jpgZ%https://www.instagram.com/honjo_suzu/\x01']
5932209,['https://www.instagram.com/aozora_cmore/\x01']
5925808,['https://resource.stars.hare200.com/5925808/resize/Banner/3993c312-67d4-45e9-8ac6-53a65cc0f325.jpgZ(https://www.instagram.com/nanashima_mai/\x01']
5888974,[]
5847089,['https://resource.stars.hare200.com/5847089/resize/Banner/964ef390-fb9f-43d0-a5fc-26f3d00e60a7.jpgZ(https://www.instagram.com/miho_nanachan/\x01']
5925807,[]
5846915,[]
5903295,[]
5888987,['https://www.instagram.com/fujimoriho123']
5903307,['https://resource.stars.hare200.com/5903307/resize/Banner/c15486d1-0862-4a97-af93-680d72a34605.jpgZ+https://www.instagram.com/nanase_alice_all/\x01']
5903311,['https://public.hare200.com/avatar/md/ea0e792c-7709-42d5-84fe-317e399588b4/46fbfb29-e585-4b77-b7dc-38928ae71994.jpeg2[é¡å€¼èº«æéƒ½æ˜¯æ¥µå“çš„Gç½©æ¯è¶…æ–°æ˜Ÿï¼Œå¥åº·çš„å°éº¥è‰²è‚Œè†šè®“äººåˆ¥å…·å–œæ„›ã€‚Rahttps://resource.stars.hare200.com/5903311/resize/Banner/9b8094f8-094c-403c-92e8-10b03e4672fe.jpgZ+https://www.instagram.com/mitsuri_nagahama/\x01']
5888986,['https://www.instagram.com/kitano_mina_/\x01']
5903547,[]
5903304,[]
5997737,['https://public.hare200.com/avatar/md/1b8d58ea-bd56-4bca-bb43-1f1e9fc0847c/cff0679d-d2cf-4658-b38d-a8de0df02132.jpeg2`èº«æçº–ç´°çš„å¥ç¾ç³»å¥³å„ªï¼Œå› æœ‰ã€Œæš—é»‘ç•Œå­¸å§ã€ä¹‹ç¨±è€Œå¸å¼•å°ç£ç²‰çµ²é—œæ³¨ã€‚Rahttps://resource.stars.hare200.com/5997737/resize/Banner/c2f35d77-82e1-4bd0-9421-c1ab68ed862e.jpgZ-https://www.instagram.com/yuki.takeuchi_life/\x01']
6038724,['https://public.hare200.com/avatar/md/da3281d7-9bfb-4b74-b3e7-8e7ad6e6eb26/9e70df4a-1f8c-465d-8f2a-271e76b85e01.jpeg2Zæ–°ç”Ÿä»£äººæ°£çœ‹æ¼²çš„ç”œç¾ç³»å¥³å„ªï¼Œç© çº–åˆåº¦çš„æ›²ç·šä½¿å¥¹ä½œå“æ·±å—æ­¡è¿ã€‚Rahttps://resource.stars.hare200.com/6038724/resize/Banner/81935a60-b9de-40fe-a2f8-44977f51d67f.jpgZ=https://www.instagram.com/5may_itsukaichi/?locale=zh-TW&hl=ta\x01']
5888983,['https://public.hare200.com/avatar/md/0d4f785c-7e9b-4c44-9432-31563dfd8d50/6e1e38ce-b245-4f68-98be-44e134591159.jpeg2\x01æ›¾ç¶“æ˜¯æ™‚å°šé›œèªŒçš„æ¨¡ç‰¹å…’ï¼Œå°‡è‡ªèº«çš„æ™‚å°šä¸€ä½µå¸¶å…¥AVç•Œï¼Œ153çš„èº«é«˜å»æ“æœ‰å‚²äººçš„èº«æï¼Œæ˜¯æ¨™æº–å¯ç”œå¯è¾£çš„ä»£è¡¨Rahttps://resource.stars.hare200.com/5888983/resize/Banner/829c2274-3088-4227-a593-8295e573e72b.jpgZ+https://www.instagram.com/riri_nanatsumori/\x01']
2837029,['https://public.hare200.com/avatar/md/39c7c12e-0de0-4efe-b793-ca66723798be/32ca2943-a5a2-41a0-9346-dd657e4f3d80.jpeg2fæ—¥æœ¬æœ€å¼·äººå¦»ç³»å¥³å„ªï¼Œæ“æœ‰çˆ†ç‚¸æ€§çš„ä¸Šåœï¼Œåœ¨ç²‰çµ²é–“æ“æœ‰ã€Œç™½çŸ³åª½åª½ã€çš„æš±ç¨±Rahttps://resource.stars.hare200.com/2837029/resize/Banner/64dd5a0f-68ae-4824-9bdc-04e7b26625e3.jpgZ4https://www.instagram.com/marina_shiraishi_official/\x01']
6057547,['https://www.instagram.com/moe._.nyanvv/\x01']
5888965,['https://public.hare200.com/avatar/md/c7ea2f36-3e0e-46e8-b7f2-14155fe91702/2877772f-eff8-46b0-a9a2-dc8e2bf12724.jpeg2\x01åŸå…ˆä»¥å¥³åœ˜Fairiesæˆå“¡èº«ä»½å‡ºé“ï¼Œè‡ªå°åƒæ¼”éå¤šéƒ¨éŸ³æ¨‚åŠ‡ã€èˆå°åŠ‡çš„å¥¹ï¼Œæ¦®ç²ç¬¬53å±†æ—¥æœ¬å”±ç‰‡å¤§è³æœ€ä½³æ–°äººçRahttps://resource.stars.hare200.com/5888965/resize/Banner/74e5fbc6-fcca-4a2e-8755-7e0dfea6cc07.jpgZ)https://www.instagram.com/yotsuha_km0529/\x01']
6055368,['https://resource.stars.hare200.com/6055368/resize/Banner/bfd6269d-46fe-4b5b-8522-ddeb77b4e8e2.jpgZ)https://www.instagram.com/murakami_yuka_/\x01']
5888975,['https://public.hare200.com/avatar/md/60ed1f49-2357-4895-84b0-a3c42c555bb8/8e652b65-c50e-4247-abfe-958138549090.jpeg2\x01çŸ³åŸå¸Œæœ›ä»¥ã€Œæœ€å¼·æ¼«æ”¹AVå¥³ç¥ã€ç¨±éœ¸æ¼«ç•«æ§å¿ƒæˆ¿ï¼ŒEå¥¶åŠ ä¸Šåˆ¶æœé§•é¦­åŠ›æ»¿é»ï¼Œä»¿ä½›æ¼«ç•«ä¸–ç•Œèµ°é€²ç¾å¯¦ï¼Rahttps://resource.stars.hare200.com/5888975/resize/Banner/42493063-4a1e-4e04-be4e-d01c43aedadc.jpgZ3https://www.instagram.com/nozomi_ishihara.official/\x01']
6055369,['https://resource.stars.hare200.com/6055369/resize/Banner/052b02db-b89e-485a-af0f-e2c9bb83930b.jpgZ+https://www.instagram.com/minamisawa_umika/\x01']
5888981,['https://resource.stars.hare200.com/5888981/resize/Banner/a970b5f2-c15c-4c64-afe9-9cec50dae533.jpgZ$https://www.instagram.com/fuua_kaede\x01']
6040236,[]
6040234,['https://resource.stars.hare200.com/6040234/resize/Banner/59df1259-ac81-4bc8-88ff-4a5103300abb.jpgZ(https://www.instagram.com/_sasaki_saki_/\x01']
6071232,['https://resource.stars.hare200.com/6071232/resize/Banner/0f7ea352-84bb-428b-9d31-3091803a6269.jpgZ&https://www.instagram.com/y_sawa_idol/\x01']
5903291,['https://public.hare200.com/avatar/md/5952a97d-3956-4c34-9659-3c93e1fa8fec/423cf004-6885-456f-8cd7-a2e83700b72f.jpeg2Uæ“æœ‰Cç´šä¸Šåœï¼Œèº«æå¬Œå°å„ªç¾ï¼Œå†åŠ ä¸Šå¦‚å¶åƒèˆ¬çš„ç”œç¾å¤–å‹èåã€‚Rahttps://resource.stars.hare200.com/5903291/resize/Banner/e628bc40-bd7d-4bfd-94f3-4f8074fb24c3.jpgZ$https://www.instagram.com/ono_rikka/\x01']
6067527,['https://resource.stars.hare200.com/6067527/resize/Banner/94d298c9-eb9f-45fb-b42a-f85aedcf08e8.jpgZ(https://www.instagram.com/niizuma_cmore/\x01']
5846908,['https://www.instagram.com/unpai_3/\x01']
5847088,['https://resource.stars.hare200.com/5847088/resize/Banner/ab36e079-deab-4226-bf7a-82c95c882d36.jpgZ$https://www.instagram.com/furuhono_/b\x04jvidj\x02fb\x01']
5903312,['https://public.hare200.com/avatar/md/12172db1-106a-4c4f-8bb3-f03cb2a5ee46/adb31106-8826-4017-b2c1-1888e04f668a.jpeg2\x01170å…¬åˆ†çš„èº«é«˜ï¼Œé›ªç™½çš„è‚Œè†šé…ä¸Šä¿®é•·çš„ç¾è…¿ï¼Œå†åŠ ä¸Šå¡å¨ƒä¾çš„ç«¥é¡ï¼Œç™½ä¸Šå’²èŠ±ï¼Œæœ€é ‚ç´šç‰‡å•†çš„è¶…å¤§å‹æ–°äººï¼Œè¦æ ¼å¤–çš„ç¾å°‘å¥³ã€‚Rahttps://resource.stars.hare200.com/5903312/resize/Banner/c0d91492-1157-45ab-861a-da512211ae8a.jpgZ*https://www.instagram.com/emika_shirakami/\x01']
6069146,['https://public.hare200.com/avatar/md/081a9361-a2db-4d63-a43d-b32ab38f174d/3131472e-38bc-44f8-8fcd-ff056bd6592c.jpeg2\x01å› å¸Œæœ›æˆåè€ŒæŠ•èº«AVç•Œï¼Œå°‡æ˜æ—¥èŠ±ç¶ºç¾…èˆ‡ä¸‰ä¸Šæ‚ äºè¦–ç‚ºå¶åƒèˆ‡ç›®æ¨™ã€‚å¥¹çš„ç¬¬ä¸€æ¬¡æ€§ç¶“é©—æ˜¯åœ¨é«˜ä¸‰ï¼Œèˆ‡æ‰“å·¥æ™‚èªè­˜çš„å¤§ä¸€ç”·ç”Ÿåœ¨è»Šä¸Šç™¼ç”Ÿï¼›ç›´åˆ°ç¬¬åæ¬¡æ€§æ„›æ™‚ï¼Œæ‰çœŸæ­£é«”æœƒåˆ°å¿«æ„Ÿã€‚Rahttps://resource.stars.hare200.com/6069146/resize/Banner/00faa013-d99a-4c47-b5eb-8d5dfe195e62.jpgZ(https://www.instagram.com/mitamarin0628/\x01']
6069147,[]
6040242,['https://public.hare200.com/avatar/md/ce0c6959-7e1b-470c-af10-29fe981a2842/b1911786-90a0-4711-b315-8c9a57e0d4b1.jpeg2\x01ç‹é“Iç´šå¯«çœŸå¶åƒèº«ä»½å—åˆ°é—œæ³¨ï¼Œèº«é«˜146cmï¼Œæ“æœ‰ç¨šå«©å¯æ„›çš„è‡‰é¾èˆ‡ä»¤äººé©šå˜†çš„å‚²äººèº«æï¼Œå‘ˆç¾å‡ºä¸€ç¨®ä»¤äººè‘—è¿·çš„åå·®èŒã€‚Rahttps://resource.stars.hare200.com/6040242/resize/Banner/4242f828-d0e2-41a9-8442-40c8bc9e7683.jpgZ%https://www.instagram.com/anzu_an123/\x01']
6040197,['https://resource.stars.hare200.com/6040197/resize/Banner/dd5bdb16-e67b-4fe9-9e18-80c223e2363d.jpgZ#https://www.instagram.com/73.namin/\x01']
5888971,['https://www.instagram.com/073ay_a/\x01']
6040211,['https://resource.stars.hare200.com/6040211/resize/Banner/177eb538-3c14-4409-8156-0f41c8330eb0.jpgZ&https://www.instagram.com/haruhi_moka/\x01']
5967402,['https://resource.stars.hare200.com/5967402/resize/Banner/cb8ff268-949e-42ae-aaed-f4a91668a254.jpgZ!https://www.instagram.com/_adus4/\x01']
5903289,"['https://resource.stars.hare200.com/5903289/resize/Banner/7a156424-fd32-4eac-b983-cb93bb57da1c.jpgZ,https://www.instagram.com/mines_satsuki_mei/\x01']"
6062266,[]
6062265,['https://public.hare200.com/avatar/md/3c38cfaa-2ac7-46e7-aeba-b8d036a14813/09eb881e-e3c4-4046-be0f-b422ec0d5f14.jpeg2\x01æ“æœ‰Qç½©æ¯å‚²äººèº«æï¼Œ2024å¹´4æœˆä»¥Moodyzå°ˆå±¬èº«ä»½å‡ºé“ã€‚å‡ºé“å‰æ›¾ç‚ºå¯«çœŸå¶åƒï¼Œå¤–å‹ç”œç¾ã€å€‹æ€§é–‹æœ—ï¼Œè¿…é€Ÿå¸å¼•ç²‰çµ²é—œæ³¨ã€‚Rahttps://resource.stars.hare200.com/6062265/resize/Banner/d4b22ce5-0265-480c-895d-91068f09a6cd.jpgZ%https://www.instagram.com/himari_moo/\x01']
5903298,[]
6068834,['https://public.hare200.com/avatar/md/29c8a9b6-3337-42e7-b436-b0b358a36bbe/5bf93401-92dc-40e5-a95c-1a2a33278654.jpeg2uä»¥æ¸…ç´”å¬Œå°å½¢è±¡åŠé«˜æŠ€èƒ½å ªç¨±æ¥­ç•Œäººæ°£ä»£è¡¨ï¼Œå› é »ç¹ç™¼ç‰‡è¢«ç²‰çµ²å† ä¸Šã€Œç™¼ç‰‡æ©Ÿå™¨ã€çš„ç¨±è™ŸRahttps://resource.stars.hare200.com/6068834/resize/Banner/152f010e-a65e-48e5-8c9e-fa6b383a3fe6.jpgZ&https://www.instagram.com/verseau_219/\x01']
5903309,['https://www.instagram.com/mizuki_yayoi/\x01']
5925817,['https://resource.stars.hare200.com/5925817/resize/Banner/7aec1efc-02b7-4bd3-8c40-9dff62985aaa.jpgZ*https://www.instagram.com/nozomi__arimura/\x01']
5903321,['https://public.hare200.com/avatar/md/1cf54a45-0cbc-48c5-9348-c82b90584406/7e40f843-e2e2-4f62-9836-268d95cb2a62.jpeg2[162å…¬åˆ†ã€Dç½©æ¯ï¼Œæœ‰è‘—æ¸…ç´”è‡‰è›‹èˆ‡å§£å¥½èº«æçš„å„ªè³ªç¾å°‘å¥³ã€Œå¤©é¦¬å”¯ã€ï¼Rahttps://resource.stars.hare200.com/5903321/resize/Banner/6ef226c9-efef-4985-be51-801510359aa6.jpgZ(https://www.instagram.com/tenma_yuichan/\x01']
5967418,['https://www.instagram.com/nitori_hinah/\x01']
5888972,[]
6057545,['https://public.hare200.com/avatar/md/af787ddb-9553-4092-98af-05ea833b7ea9/d1418021-6c7c-4c5b-b026-2e2c0a817aaa.jpeg2xè‘—åçš„ç¾å°‘å¥³ç™¼ç‰‡æ©Ÿå™¨ã€Œå°¾å´æƒ æ¢¨é¦™ã€è‡‰è›‹ç¾è±”ã€èº«ææ¯”ä¾‹å„ªè³ªçš„ï¼Œæœ‰è‘—æ»¿åˆ†çš„é­…æƒ‘èƒ½åŠ›ï¼Rahttps://resource.stars.hare200.com/6057545/resize/Banner/43f202db-ff0d-4c5b-ad80-e08fb9e9ca55.jpgZ&https://www.instagram.com/ozaki_erika/\x01']
6040232,['https://resource.stars.hare200.com/6040232/resize/Banner/e4d83991-c0e9-453f-97ad-cf2c71b47a5e.jpgZ)https://www.instagram.com/tsu_chan44rika/\x01']
5967395,['https://resource.stars.hare200.com/5967395/resize/Banner/0e83e353-2764-4213-8d7e-09e7b40829bb.jpgZ&https://www.instagram.com/5.tsujihoka/\x01']
5932210,['https://www.instagram.com/sara_futaba_/\x01']
6038723,['https://public.hare200.com/avatar/md/93695104-4de1-423e-9221-c55597735815/1c756036-b3b2-4b4e-b7d1-8ae9906b00ed.jpeg2\x02è˜†åç©—èŠ±æ–¼2023å¹´10æœˆ17æ—¥ä»¥ä¼åŠƒå–®é«”å¥³å„ªèº«ä»½å‡ºé“ã€‚å¥¹æ“æœ‰162å…¬åˆ†çš„ä¿®é•·èº«å½¢èˆ‡Gç´šä¸Šåœï¼Œå¤–è²Œæ¸…ç´”ä¸­å¸¶æœ‰æˆç†Ÿæ°£è³ªï¼Œè¢«å®šä½ç‚ºã€Œæ€§æ„Ÿäººå¦»ç³»ç¾å°‘å¥³ã€ã€‚å¥¹çš„å®£å‚³å¼·èª¿å…¶ã€ŒæŠ–Må±¬æ€§ã€èˆ‡ã€Œæ•æ„Ÿé«”è³ªã€ï¼Œå°¤å…¶æ“…é•·å±•ç¾è¢«æ”¯é…æ™‚çš„çœŸæ‘¯åæ‡‰ã€‚Rahttps://resource.stars.hare200.com/6038723/resize/Banner/544876f0-e467-4e63-8664-6474fb65fd03.jpgZ(https://www.instagram.com/ashina_honoka/\x01']
5846620,['https://www.instagram.com/ran.ran.1023/b\x04jvidj\x02fb\x01']
6068806,['https://www.instagram.com/hasumi_kurea/\x01']
6068805,['https://www.instagram.com/mix_juice888/\x01']
6068803,[]
6073693,[]
6073694,['https://public.hare200.com/avatar/md/6719482b-b19e-44d8-bd6e-cec3b040bc60/3c8ffe0c-176f-4a72-aa23-8f0c29461877.jpeg2!å¤§å®¶å¥½ï½æˆ‘æ˜¯æœ‰é¦¬ç¾æœˆï¼Rahttps://resource.stars.hare200.com/6073694/resize/Banner/7cb0f88b-0671-4ca4-8758-d1d7b7cd5e06.jpgZ(https://www.instagram.com/arima_mizukii/\x01']
5903300,['https://public.hare200.com/avatar/md/dd45c3f8-544f-46d2-9817-e3ab9140be73/14d85999-bfc2-4f92-89e5-6efc11c4b41b.jpeg2låŸç‚ºSODå¥³å­ç¤¾å“¡ï¼Œå¾Œå› æ¢ä»¶å‡ºçœ¾ï¼Œç›´æ¥åœ¨è‡ªå®¶å» ç‰ŒåŸåœ°å‡ºé“ï¼Œä¸¦ç²å¾—ä¸éŒ¯çš„æˆç¸¾ã€‚Rahttps://resource.stars.hare200.com/5903300/resize/Banner/12f3fcb8-d5ce-4294-b82e-36c0ff1d41f5.jpgZ&https://www.instagram.com/onoderamai_/\x01']
6074209,['https://resource.stars.hare200.com/6074209/resize/Banner/89388f2f-cfa2-4657-b127-070e53f0cf13.jpgZ%https://www.instagram.com/miyu_krone/\x01']
6074210,['https://public.hare200.com/avatar/md/3d061efb-3656-498f-a274-813b2b9e2502/b7679fbe-87bf-4e0e-b410-000bf4c6b580.jpeg2\x03ç„¡Rahttps://resource.stars.hare200.com/6074210/resize/Banner/9260e189-d78f-484e-8049-19acbb15e857.jpgZ(https://www.instagram.com/asakura_yura_/\x01']
6040201,[]
6076615,['https://public.hare200.com/avatar/md/aced9eac-b5aa-4923-b027-e7b0b41cc852/201a9c18-c75c-4ddb-a022-c5a15e0e0b9c.jpeg2_æ¢ä»¶å‡ºçœ¾çš„å¥¹åŸå…ˆç‚ºå¯«çœŸå¶åƒï¼Œå¾Œå› ç·£éš›æœƒä¸‹è¸å…¥AVç•Œï¼Œä»¥å®Œç¾æ¯”ä¾‹èåRahttps://resource.stars.hare200.com/6076615/resize/Banner/660c7cb8-7da3-4b9f-a433-a4a1b70fa4bb.jpgZ$https://www.instagram.com/mayu_nyan1\x01']
6040203,['https://resource.stars.hare200.com/6040203/resize/Banner/5d3f027b-1ea3-40e1-a48e-23e1b0d37d40.jpgZ(https://www.instagram.com/hikari_tomoe_/\x01']
6078841,['https://resource.stars.hare200.com/6078841/resize/Banner/260afecf-cb35-4fe4-adfd-397e6659c656.jpgZ%https://www.instagram.com/wakanah0n0/\x01']
6078840,['https://resource.stars.hare200.com/6078840/resize/Banner/78a477b3-c864-496c-bc70-b462c30facd4.jpgZ(https://www.instagram.com/tsubomi_mochi/\x01']
6078839,['https://www.instagram.com/hikarun_0822/\x01']
5888984,['https://resource.stars.hare200.com/5888984/resize/Banner/195550e0-8f40-4178-8e60-98bb6e245298.jpgZ%https://www.instagram.com/ena__koume/\x01']
5903313,['https://public.hare200.com/avatar/md/e2a2007e-910b-4510-ad74-be5cde512b25/b2b523bd-c758-4ae6-adb0-ef19ee30d95f.jpeg2\x02ä»¥Jç½©æ¯çš„å‚²äººèº«æå’Œç”œç¾ç¬‘å®¹è¿…é€Ÿèµ°ç´…ã€‚å¥¹æ“…é•·æ‰®æ¼”é„°å®¶å¥³å­©æˆ–å­¸ç”Ÿè§’è‰²ï¼Œä½œå“å¤šå¼·èª¿å…¶è±æ»¿èº«æï¼Œä»£è¡¨ä½œåŒ…æ‹¬ã€ŠMIDE-987ã€‹ç­‰ã€‚èˆˆè¶£æ˜¯çœ‹å‹•ç•«å’Œæ”¶é›†å¯æ„›å…¬ä»”ï¼Œå€‹æ€§æ´»æ½‘è¦ªåˆ‡ï¼Œæ·±å—ç²‰çµ²å–œæ„›ï¼Œç›®å‰ä»æ´»èºæ–¼æ¥­ç•Œã€‚Rahttps://resource.stars.hare200.com/5903313/resize/Banner/5d196803-fd2e-41c4-afa7-5bbc46f35b74.jpgZ)https://www.instagram.com/mizuharamisono/\x01']
6000018,['https://public.hare200.com/avatar/md/894b8850-93c5-4e7e-bf9b-104bceb287a6/120c71b0-231d-4e1e-9928-4f0432b6c1fd.jpeg2\x01å¤©æœ¨ç´”ä¾†è‡ªæ—¥æœ¬çš„çŸ¥åå¯«çœŸå¶åƒå’Œæ¼”å“¡ã€‚å¥¹ä»¥å…¶ã€Œå¤©ä½¿ç«¥é¡ã€å’Œã€ŒIç½©æ¯å·¨ä¹³ã€çš„åå·®å½¢è±¡è€Œèåï¼Œå› æ­¤ç²å¾—äº†ã€Œè˜¿è‰å·¨ä¹³ã€ã€ã€ŒäºŒæ¬¡å…ƒèº«æã€ä»¥åŠã€Œæ±æ´‹ä¹³ç¥ã€ç­‰ç¨±è™ŸRahttps://resource.stars.hare200.com/6000018/resize/Banner/91900540-6299-4a8d-9ded-5f3daf5fb0fe.jpgZ$https://www.instagram.com/jun.amaki/\x01']
6000012,['https://resource.stars.hare200.com/6000012/resize/Banner/fd891de3-fdc7-4181-bf78-353efa3789d1.jpgZ&https://www.instagram.com/_miru960616/\x01']
6057534,['https://public.hare200.com/avatar/md/34fcd926-40a2-41bd-8978-c4e00bc928cd/1223dbfc-3da7-4e78-ae43-c54c3c7f6d11.jpeg2céœœæœˆæ˜æ„›æ´»èºæ–¼æ—¥æœ¬å¯«çœŸç•Œçš„æ¨¡ç‰¹å…’èª˜æƒ‘ç³»è¾£å¦¹æ“æœ‰å®Œç¾èº«æä»¤è¨±å¤šäººç¾¨æ…•Rbhttps://resource.stars.hare200.com/6057534/resize/Banner/e6155155-d979-4e9f-9b30-35c97236e7e8.jpegZDhttps://www.instagram.com/meameachan/?igsh=MWI1NzF5cm10emh6eA%3D%3D#\x01']
5846570,"['https://resource.stars.hare200.com/5846570/resize/Banner/0c327d08-7506-47d7-8895-a20adc728c21.jpgZ*https://www.instagram.com/meiri_01familia/b', 'https://www.jvid.com/v/Lk8qa2ol\x01']"
6038832,[]
6062254,[]
5846576,['https://resource.stars.hare200.com/5846576/resize/Banner/f1b98495-2da3-445a-9903-8da0464d4c02.jpgZ*https://www.instagram.com/hashimoto_rina_/b?https://www.jvid.com/%E6%A9%8B%E6%9C%AC%E6%A2%A8%E8%8F%9C/album\x01']
5846577,['https://www.instagram.com/kawajiyukiko/bHhttps://www.jvid.com/%E6%B2%B3%E8%B7%AF%E7%94%B1%E5%B8%8C%E5%AD%90/album\x01']
6000010,['https://public.hare200.com/avatar/md/081f260d-2a31-4e65-868a-4bc9be35a4dc/f45bfa8a-6682-4ddf-a0f0-e76fa1fc8983.jpeg2Uã€ŒIç½©æ¯çš„é‡ç”Ÿè²“å¨˜ã€é’å±±å…‰ï¼Œè®“å¥¹çš„ä¸€å°èª˜æƒ‘è²“çœ¼æ“„ç²ä½ çš„å¿ƒã€‚Rahttps://resource.stars.hare200.com/6000010/resize/Banner/1dee452e-fd6a-4647-a361-394e651c97c1.jpgZ(https://www.instagram.com/hikaru0613kon/\x01']
6058762,['https://www.instagram.com/saejima.nana/\x01']
6062259,['https://www.instagram.com/___hitoyo___/b!https://www.jvid.com/Hitoyo/about\x01']
5932213,['https://public.hare200.com/avatar/md/e02e2a6e-c20f-4340-9075-1c40fba07f6e/19bcc07f-d7b3-4231-90ef-1c47926cb824.jpeg2\x18å¤§å®¶å¥½ï¼æˆ‘æ˜¯å¦å¦Rahttps://resource.stars.hare200.com/5932213/resize/Banner/40ae2ba2-8f39-4e70-a341-a92a1dd306bc.jpgZ&https://www.instagram.com/angel_86321/j\x01https://www.facebook.com/angel863?mibextid=wwXIfr&rdid=Gn1Rt80t0kD78xrn&share_url=https%3A%2F%2Fwww.facebook.com%2Fshare%2F192XDeU3yo%2F%3Fmibextid%3DwwXIfr\x01']
6057535,['https://resource.stars.hare200.com/6057535/resize/Banner/ab5ae845-75f1-461b-b035-07d4e66f3afe.jpegZ(https://www.instagram.com/rea_momosato/#\x01']
4398776,"['https://public.hare200.com/jkface/materials/2021-xmas-badge.png\x1a,https://jkface.net/event/board/jkflive/?id=6', 'https://public.hare200.com/home/badge/2021_xmas.png\x1a-https://jkface.net/event/2021/love_christmas/', 'https://resource.stars.hare200.com/4398776/resize/Banner/962ef8ab-ff9f-4fa0-9fed-74ec2e2de2ec.jpgZ#https://www.instagram.com/tiny219_/b!https://www.jvid.com/Tiny219/fansj']"
6066206,['https://resource.stars.hare200.com/6066206/resize/Banner/35fdad28-e4a0-4daf-853b-2cc9436f843e.jpgZ$https://www.instagram.com/ohjannana/b%https://www.jvid.com/JannaTSuki/about\x01']
6066207,['https://resource.stars.hare200.com/6066207/resize/Banner/37f1a4ca-c94b-4a41-9355-a943b006082a.jpgZ(https://www.instagram.com/asmrgirlemily/b&https://www.jvid.com/EmilyMurmur/about\x01']
6063221,['https://resource.stars.hare200.com/6063221/resize/Banner/a562f65a-1a51-48d5-860e-54698d166cd6.jpgZ;https://www.instagram.com/xuxu_0330/?igsh=end4dHA0ZHozY3Ay#\x01']
6066208,['https://resource.stars.hare200.com/6066208/resize/Banner/dbbad7ca-db40-4f10-bbff-dbdff598ff63.jpgZ&https://www.instagram.com/avats.baby_/b%https://www.jvid.com/Ava.tsbaby/about\x01']
5846607,"['https://resource.stars.hare200.com/5846607/resize/Banner/a05d7d81-b965-4726-a45b-64f400008d25.jpgZ#https://www.instagram.com/macca03x/b', 'https://www.jvid.com/macca/albumj\x02fb\x01']"
6063177,['https://public.hare200.com/avatar/md/57d54346-a189-40e9-a37c-db3f675a41e8/3ecd458c-2bda-42f2-b11a-ba56d18a46aa.jpeg2\x01äººå¦‚å…¶åçš„å°æ¹Šå„ªé¦™ï¼Œé›–ç„¶ä¸åƒè·Ÿå‡ºé“æ–¼å¯«çœŸç•Œçš„åå¹¾æ­²èŒå¦¹æœ‰ç¨®é’æ˜¥çš„æ°£æ¯ï¼Œä¸éæœ‰è‘—æº«æŸ”å¾¡å§é¡çš„å¥¹ï¼Œä¹Ÿæ˜¯ç›¸ç•¶çš„æœ‰èª˜æƒ‘åŠ›Rahttps://resource.stars.hare200.com/6063177/resize/Banner/2f51c95f-dfa6-47db-8aaf-3038861286fb.jpgZ$https://www.instagram.com/y.miranic/\x01']
5846580,"['https://resource.stars.hare200.com/5846580/resize/Banner/a41fab9c-e09e-45b8-aec6-4b1a2a079a42.jpgZ,https://www.instagram.com/aoi_hnta/?hl=zh-twb?https://www.jvid.com/%E6%97%A5%E5%90%91%E8%91%B5%E8%A1%A3/album\x01']"
6059007,['https://resource.stars.hare200.com/6059007/resize/Banner/d1e7ffbe-7c68-450f-89bf-7b776e6b305a.jpgZ#https://www.instagram.com/yasuyon4/\x01']
5846567,"['https://resource.stars.hare200.com/5846567/resize/Banner/890b9032-f044-4ad4-bc2f-35c1e29849c4.jpgZ*https://www.instagram.com/chitose_yoshino/b,https://www.jvid.com/Yoshino%20Chitose/album\x01']"
6059006,"['https://resource.stars.hare200.com/6059006/resize/Banner/b2e47e14-c6db-4e73-807c-e5f49017ab01.jpgZ&https://www.instagram.com/haratsumugi/\x01', 'https://resource.stars.hare200.com/6059006/resize/ModelCard/46c7e432-14c9-435f-96fb-4d9320efd0cf.jpg\x01&https://www.instagram.com/haratsumugi/']"
6059005,['https://resource.stars.hare200.com/6059005/resize/Banner/9cb93f1e-3c1f-4b8e-8b74-91e85983b803.jpgZ&https://www.instagram.com/kei_fubuki_/\x01']
4398585,"['https://public.hare200.com/home/badge/2021_snakebeauty.png\x1a.https://jkface.net/event/2021/jkf_beautysnakes', 'https://public.hare200.com/home/badge/2020_fancy_christmas.png\x1a-https://jkface.net/event/2020/fancy_christmas', 'https://resource.stars.hare200.com/4398585/resize/Banner/8cc8159d-a38c-448a-8138-41d0d534d1a1.jpegZ!https://www.instagram.com/30zz.z/b', 'https://www.jvid.com/mandiisgoodj(https://www.facebook.com/xianglingmandi/\x01\x01\x010\x01\x01O\x01\x05\x08']"
6067842,['https://www.instagram.com/poch___173/?igsh=N2lua3BxNGVwbDg3#j@https://www.facebook.com/lai.qi.qi.831037/?rdid=91krmVuCfHRVoNBT\x01']
6063223,['https://resource.stars.hare200.com/6063223/resize/Banner/90b4d1fe-7b54-4ac3-8039-d27aded893e4.jpgZ(https://www.instagram.com/sanonagisa_67/\x01']
5903274,['https://public.hare200.com/avatar/md/d7b3fba2-87e1-4f56-b461-06d64d4e75a0/c5d80ee9-1f2b-4ef6-8936-53dd00111e64.jpeg2\x02è˜‹è˜‹æ¾æ¾ä»¥å¯æ„›ææ€ªçš„é¢¨æ ¼å’Œè‡ªç„¶äº’å‹•èåï¼Œæ˜¯å—æ­¡è¿çš„é›™YouTuberï¼Œé »é“å…§å®¹å¤šå…ƒï¼Œæ¶µè“‹æ—¥å¸¸ç”Ÿæ´»ã€é–‹ç®±ã€æŒ‘æˆ°ã€æƒ…ä¾¶äº’å‹•èˆ‡æ—…éŠç­‰ã€‚å¥¹å€‘çš„å½±ç‰‡å› çœŸå¯¦è¦ªå’ŒåŠ›è€Œå»£å—å–œæ„›ï¼Œåœ¨å°ç£å¹´è¼•æ—ç¾¤ä¸­å…·æœ‰é«˜äººæ°£å’Œå½±éŸ¿åŠ›ã€‚Rahttps://resource.stars.hare200.com/5903274/resize/Banner/8838a47d-f246-412f-b71a-fd2a212ad519.pngZ*https://www.instagram.com/pinpinponpon627/\x01']
6066301,['https://resource.stars.hare200.com/6066301/resize/Banner/26b25e3a-a650-4aa1-abdf-69a4ebc836cf.jpgZ(https://www.instagram.com/pio.jio_twins/\x01']
6067844,['https://public.hare200.com/avatar/md/9465c7cb-423c-45ff-8fa3-55abfbe13473/9aa679e1-a2ec-4404-8401-36b2c58c33bd.jpeg2\x03ç„¡Rahttps://resource.stars.hare200.com/6067844/resize/Banner/7a455e4a-5661-4eda-89c2-0fb670673115.jpgZ?https://www.instagram.com/sherry40723yw/?igsh=bnZ4ajA1cDUwN2Q1#j&https://www.facebook.com/onlymiya?_rdr\x01']
6070262,['https://public.hare200.com/avatar/md/81fbc29b-ab04-4162-ab2e-26547bd3ef12/12f954a2-8779-4512-ad8e-3a9a114416b8.jpeg2\x03ç„¡Rahttps://resource.stars.hare200.com/6070262/resize/Banner/436658f3-91ec-4067-9a07-35cfa4d81aa1.jpgZ$https://www.instagram.com/chloe_320/\x01']
6077996,['https://public.hare200.com/avatar/md/abb40ba8-2a8f-4001-b298-9538d5455149/46a6f2b3-0e15-417f-abf4-ce5846be4999.jpeg2\x03ç„¡Rahttps://resource.stars.hare200.com/6077996/resize/Banner/bfccfdc3-d1d0-4683-a891-04118268e7f8.jpgZAhttps://www.instagram.com/_yw.nn_ie?igsh=MTc4cTE3dXJ2azdtMg%3D%3D\x01']
5846585,['https://public.hare200.com/avatar/md/c9120b8d-985b-4ad2-b2e7-1360161c9942/f3e6f177-dc52-4a1a-8efe-742b4a3b438f.jpeg2eæ“æœ‰ç™¾è¬ç²‰çµ²ï¼æ³°åœ‹äººæ°£Coserã€ŒMoiichanã€æº–å‚™å¥½çœ‹å¥¹ç›¡æƒ…å±•ç¾ç¾å¥½èº«æ®µäº†å—ğŸ˜Rahttps://resource.stars.hare200.com/5846585/resize/Banner/f9da6881-3ccf-4b68-9a0c-d49955ab3639.jpgZ$https://www.instagram.com/moiichanx/b#https://www.jvid.com/Moiichan/albumj#https://www.facebook.com/Moiichan43\x01']
6063222,['https://www.instagram.com/shiragayanko/?igsh=ZDAzZDMzdWpkMG9n#\x01']
6058761,"['https://public.hare200.com/avatar/md/c6bfefe7-893a-4115-8fe5-d59f82e0ff27/26dda69a-e505-46d4-b94e-23df5fa0b37c.jpeg2pæ—¥æœ¬çš„æ€§æ„Ÿå¤§å°ºåº¦å¶åƒï¼Œãˆã‚Šã‚Œã‚â™¬ã€‚é­…åŠ›é»æ˜¯Hç½©æ¯çš„èƒ¸éƒ¨å’Œç¬‘å®¹â€¼ï¸è«‹å¤šå¤šé—œç…§â™¡Rbhttps://resource.stars.hare200.com/6058761/resize/Banner/eede9e2a-7e53-4c9e-be46-e607544218da.jpegZHhttps://www.instagram.com/eririoq/profilecard/?igsh=MWRrcWM2YWRwdzl5eg==b', 'https://www.jvid.com/Erirero/about\x01']"
5846584,"['https://resource.stars.hare200.com/5846584/resize/Banner/2f5af50d-b320-45d9-8cd7-442760364fa1.jpgZ&https://www.instagram.com/jjamonlyyou/b', 'https://www.jvid.com/jjamx/albumj#https://www.facebook.com/JJamGaming\x01']"
5846588,['https://public.hare200.com/avatar/md/dce6a1fe-ff12-43c7-bd85-da7f2f5bcca9/cd74e106-3d7c-4abd-97e1-b8e8bb7c742e.jpeg2\x01è¶…äººæ°£Coserã€Œã‚«ãƒ‰ãƒªãƒ³ä»ç¾ã€æ“æœ‰å®›å¦‚çœŸäººæ´‹å¨ƒå¨ƒèˆ¬ç²¾ç·»äº”å®˜ï¼ŒCosplayèµ·ä¾†æ›´æ˜¯è¶…ç¾ï¼Œå„ä½è·Ÿè‘—ä»ç¾ä¸€èµ·èµ°å…¥äºŒæ¬¡å…ƒå§ï¼Rahttps://resource.stars.hare200.com/5846588/resize/Banner/f9417fd4-431c-49e4-be60-743716b1ea9a.jpgZ)https://www.instagram.com/kadorin.hitomi/b@https://www.jvid.com/Kadorin%20Hitomi%20%E4%BB%81%E7%BE%8E/albumj)https://www.facebook.com/KadorinCosplayer\x01']
5846583,['https://resource.stars.hare200.com/5846583/resize/Banner/5233a1a2-26bf-491f-8b44-f40ae516c4c5.jpgZ&https://www.instagram.com/dream_tamu_/b$https://www.jvid.com/DreamTamu/albumjbhttps://www.facebook.com/p/DreamTamu-%E3%83%89%E3%83%AA%E3%83%BC%E3%82%BF%E3%83%A0-61550228367734/\x01']
5846586,['https://resource.stars.hare200.com/5846586/resize/Banner/04b5cd2e-2c51-4302-ba3f-7d434ec8ea6a.jpgZ(https://www.instagram.com/tiny.asababy/#b:https://www.jvid.com/Tiny%20Asa%20%E3%82%A2%E3%82%B5/albumj&https://www.facebook.com/tiny.asa.cos/\x01']
5846582,['https://resource.stars.hare200.com/5846582/resize/Banner/a0249171-a0fc-4b85-8589-29acb6990454.jpgZ#https://www.instagram.com/meenfox_/b(https://www.jvid.com/Meenfox_Model/albumj:https://www.facebook.com/meenfoxcosplay/?locale=zh_TW&_rdr\x01']
6063220,[]
6070222,['https://resource.stars.hare200.com/6070222/resize/Banner/8d544b4c-c71c-4aea-9a6c-694bab5e8f1a.jpgZ:https://www.instagram.com/chloekey0429/?locale=zh_tw&hl=ar\x01']
5331996,"['https://public.jkface.net/badge/TRE%E9%96%83%E8%80%80%E4%B9%8B%E6%98%9F%E8%BF%B7%E4%BA%BA%E7%9A%84%E4%BA%92%E5%8B%95%E5%8B%B3%E7%AB%A0.png\x1a', 'https://jkface.net/events/126', 'https://www.instagram.com/dory_0.6.2.0/bLhttps://www.jvid.com/%E4%B8%8D%E6%9C%83%E6%B8%B8%E6%B3%B3%E7%9A%84Dory/albumjDhttps://m.facebook.com/profile.php?id=61551081713306&mibextid=D4KYlr\x01\x01\x010\x01\x06\x08\x03\x01\x0332B\x01\x18\x01']"
6081337,['https://public.hare200.com/avatar/md/3b233bd7-0c30-4846-abf9-9c574cb11b77/2ca60aad-b68a-4aa8-a166-ff47d8833030.jpeg2Iå¤§å®¶å¥½ï¼æˆ‘æ˜¯è½è½Rakuï¼Œè«‹å¤§å®¶å¤šå¤šä¾†ç¾å ´æ‰¾æˆ‘äº’å‹•å–”ï¼Rahttps://resource.stars.hare200.com/6081337/resize/Banner/4e422dd6-2d63-4abc-adf5-a3d2ae6359e9.jpgZMhttps://instagram.com/rakuroneko_66?igshid=NzZlODBkYWE4Ng%3D%3D&utm_source=qr\x01']
6079109,['https://public.hare200.com/avatar/md/58426cca-88ce-4fd8-955c-221fabe89597/b137bb89-5baf-4252-b146-4b9e81761998.jpeg2Eå¤§å®¶å¥½ï¼æˆ‘æ˜¯é›ªç‹ï¼Œè«‹å¤§å®¶å¤šå¤šä¾†ç¾å ´æ‰¾æˆ‘äº’å‹•å–”ï¼Rahttps://resource.stars.hare200.com/6079109/resize/Banner/5b251484-44de-4963-a760-608aaa748255.jpgZDhttps://www.instagram.com/snowfox.love.cosplay?igsh=Z3Exa2RtejFtbm5x\x01']
5908113,['https://resource.stars.hare200.com/5908113/resize/Banner/a7a3c142-7424-4c59-88bb-1d19bdcb6c03.jpegZHhttps://www.instagram.com/chaleee.25?igsh=enRuemI0Nmp3Nncw&utm_source=qrj3https://www.facebook.com/chaleee.25?mibextid=LQQJ4d\x01\x01\x010\x01\x01O\x01\x06\x08ä§‡\x06\x01\x0370H\x01\x1a\x01$\x01\x06å”±æ­Œ\x01\x07Cosplay\x01ehttps://resource.stars.hare200.com/5908113/resize/ModelCard/77450c74-a22b-4d59-a868-a0def6bacc5e.jpeg\x01\x19https://x.com/chaleee_25/']
5934527,['https://resource.stars.hare200.com/5934527/resize/Banner/d12621e6-cc9a-48fd-8ff9-11ccb523ea48.jpegZGhttps://www.instagram.com/aki_s1025?igsh=Z2FvdGF3N3B0OTl5&utm_source=qrj4https://www.facebook.com/sasuke12270?mibextid=LQQJ4d\x01\x01\x010\x01\x06\x08Å¢\x03\x01\x0234\x01\x1a\x01$\x01\x06æ—¥èª\x01\x14æ‹ç…§']
6073000,['https://public.hare200.com/avatar/md/ef201346-f19f-4b2a-b94b-e9a70a65b269/b331153d-b626-431c-8a77-5394393dd7eb.jpeg2Hå¤§å®¶å¥½ï¼æˆ‘æ˜¯å‘¨æ„Ÿæ©ï¼Œè«‹å¤§å®¶å¤šå¤šä¾†ç¾å ´æ‰¾æˆ‘äº’å‹•å–”ï¼Rahttps://resource.stars.hare200.com/6073000/resize/Banner/771a6a7c-ba84-4fb3-acba-a22edb000da1.jpgZ#https://www.instagram.com/chi.yun__\x01']
6072987,['https://public.hare200.com/avatar/md/a6184da8-0791-4207-be46-8bfa9c49aaf7/204bbdb6-a629-460d-a215-a66c96c2e59e.jpeg2Hå¤§å®¶å¥½ï¼æˆ‘æ˜¯å°å°æŸ”ï¼Œè«‹å¤§å®¶å¤šå¤šä¾†ç¾å ´æ‰¾æˆ‘äº’å‹•å–”ï¼Rahttps://resource.stars.hare200.com/6072987/resize/Banner/5de1dc71-d2d7-4474-9c3d-b54f84ce1dcb.jpgZ$https://www.instagram.com/zzzoe_331/\x01']
6072963,['https://public.hare200.com/avatar/md/defcad55-5212-4e95-9438-3e6a88e1bbdf/a3673e36-6482-4c0c-8951-592d0c95d188.jpeg2Eå¤§å®¶å¥½ï¼æˆ‘æ˜¯åƒåƒï¼Œè«‹å¤§å®¶å¤šå¤šä¾†ç¾å ´æ‰¾æˆ‘äº’å‹•å–”ï¼Rahttps://resource.stars.hare200.com/6072963/resize/Banner/64395ad9-ae34-4256-90a1-5810955dc722.jpgZ#https://www.instagram.com/____qqian\x01']
6078797,[]
5711953,"['https://resource.stars.hare200.com/5711953/resize/Banner/342edc35-a30b-431c-b306-025782f6d3a2.pngZlhttps://www.instagram.com/charlie211226?fbclid=IwAR2wj9zV5mIvY7OipVg2K1E8xLti2BxPxe9cXbfAvjA_0acxdKiFFR9b0Y4b+https://www.jvid.com/%E8%8C%B6%E7%90%86/alljGhttps://www.facebook.com/profile.php?id=100087477754999&mibextid=LQQJ4d\x01\x01\x01,\x01\x01A\x01\x06\x08Ë»\x03\x01\x0332C\x01\x17\x01!\x01\x0fæ—¥èªã€å¯«ä½œ\x01']"
5533279,"['https://public.hare200.com/avatar/md/5f11c6c6-4061-4695-8716-f0e7901aff7f/ae5ffed7-0daf-4c98-ae24-5cbb399c13d0.jpeg*]https://resource.stars.hare200.com/5533279/ModelCard/599a863c-c9cf-4ede-a5c5-be3af62d2b1a.jpg*]https://resource.stars.hare200.com/5533279/ModelCard/7d36c794-3fe7-4805-b41e-03d06ca5a1dd.jpg*]https://resource.stars.hare200.com/5533279/ModelCard/f94bc238-c401-403c-a0ee-6a04f668dada.jpg*]https://resource.stars.hare200.com/5533279/ModelCard/75171a77-7250-4d48-a283-6066eb116010.jpg2)è »æ„›å¯µç‰©çš„å¥³å­©å°±æ˜¯æˆ‘-ä½•ç”¯ğŸ€8\x01Rahttps://resource.stars.hare200.com/5533279/resize/Banner/6d5edadc-57f1-4af7-a2e3-eec90d748960.pngZ,https://www.instagram.com/katherine_ig_1230/b+https://www.jvid.com/%E4%BD%95%E7%94%AF/allj7https://www.facebook.com/profile.php?id=100043099929361\x01\x01\x015\x01\x01O\x01\x06\x08\x02\x01\x0332E\x01\x18\x01#\x01\x06ä¸‹å»š\x01\x06è²“å’ª\x01dhttps://resource.stars.hare200.com/5533279/resize/ModelCard/599a863c-c9cf-4ede-a5c5-be3af62d2b1a.jpg\x01\x19https://twitter.com/51jtw']"
5753161,['https://resource.stars.hare200.com/5753161/resize/Banner/0d7feb6f-1ef9-4de1-8875-26e54026c837.jpgZ$https://www.instagram.com/momo072141b=https://www.jvid.com/%20%E8%A8%B1%E9%BB%98%E9%BB%98Momo/aboutj7https://www.facebook.com/profile.php?id=100002000287190\x01\x01\x010\x01\x01O\x01\x06\x08\x06\x01\x0334E\x01\x18\x01']
4398590,['https://www.mymyuc.net/data/avatar/004/39/85/90_avatar_middle.jpg*]https://resource.stars.hare200.com/4398590/ModelCard/0ee58c66-44e0-43f8-a82e-f4549bc65ad1.jpg*]https://resource.stars.hare200.com/4398590/ModelCard/204765d9-4dc3-49ff-9647-c5a5e7586676.jpg*]https://resource.stars.hare200.com/4398590/ModelCard/2e9aa6ba-bc51-41f0-b25b-0d1fb8e4ecd3.jpg*]https://resource.stars.hare200.com/4398590/ModelCard/34622f6a-70e4-41f8-a9a0-0459574c81ea.jpg2&æ­¡è¿å¤§å®¶è¿½è¹¤æˆ‘çš„IGé—œæ³¨æˆ‘å–²8\x04Rahttps://resource.stars.hare200.com/4398590/resize/Banner/e5bc49d9-d86a-40e1-8c5f-6865b6ce6c2f.jpgZ$https://www.instagram.com/yuzukiluo/b&https://www.jvid.com/graciening/videosj\x01https://www.facebook.com/graciening/?eid=ARAyWg0V6Gyr-Lh5ewsnyh9WC4hIVkS4mmmSauYdlJurVt1Fo28OLXb6UJ9vcXWyb1DgsozKfkYntPwF&amp;timeline_context_item_type=intro_card_work&amp;timeline_context_item_source=1581917565&amp;fref=tag\x01\x01\x01-\x01\x05\x08\x05\x01\x0332D\x01\x18\x01']
6056782,['https://resource.stars.hare200.com/6056782/resize/Banner/0572e3e2-8e03-4345-b9ca-07847582703a.jpegZQhttps://www.instagram.com/rennnn_1206?igsh=MXVhZWFrb3Flc3U5eQ%3D%3D&utm_source=qrb+https://www.jvid.com/%E5%B0%8F%E7%86%99/allj:https://www.facebook.com/share/195wjXkTz2/?mibextid=wwXIfr\x01\x01\x012\x01\x01B\x01\x06\x08\x03\x01\x0334D\x01\x18\x01$\x01\x06çƒ¹é£ª\x01\x06ç•«ç•«\x01ehttps://resource.stars.hare200.com/6056782/resize/ModelCard/7695e3f4-6739-45c9-a632-baef8d06eb6f.jpeg']
5991106,"['https://public.hare200.com/avatar/md/866ff2ff-18bb-44e4-903a-342b2f8d5acf/d7dd5c56-2758-464b-a9b3-81bf82ed770b.jpeg*^https://resource.stars.hare200.com/5991106/ModelCard/b4c3dbf2-934b-4601-8b3e-8cddd6c083c2.jpeg*^https://resource.stars.hare200.com/5991106/ModelCard/2002619a-ebb5-4f67-8301-a82d020a1dbd.jpeg*^https://resource.stars.hare200.com/5991106/ModelCard/3c407bcd-a1e5-4815-a76c-384a0f84be72.jpeg*^https://resource.stars.hare200.com/5991106/ModelCard/c16af060-b4c4-4391-8303-e4b25025b5c5.jpeg2Bæˆ‘ã„§å€‹äººæ™‚æ»¿å–œæ­¡åœ¨å®¶è£½ä½œç”œé»è³£çš„æ˜¯åƒå¥¶é…ªä¹‹é¡8\x01Rbhttps://resource.stars.hare200.com/5991106/resize/Banner/845e8dcd-cb30-4748-a955-8588a8e4148c.jpegZDhttps://www.instagram.com/beiermy/profilecard/?igsh=OGsyM2VneGg2Y3pib', 'https://www.jvid.com/BeiEr/albumj1https://www.facebook.com/beier.my?mibextid=LQQJ4d\x01\x01\x01-\x01\x01B\x01\x06\x08\x02\x01\x0332E\x01\x17\x01']"
4847389,"['https://public.hare200.com/home/badge/2021_bunny.png\x1a/https://jkface.net/event/2021/bunny_girls_party', 'https://public.hare200.com/home/badge/2021_snakebeauty.png\x1a.https://jkface.net/event/2021/jkf_beautysnakes', 'https://public.hare200.com/home/badge/2021_slot_machine.png\x1a*https://jkface.net/event/2021/slot_machine', 'https://www.jvid.com/sushan/fansjBhttps://www.facebook.com/%E8%98%87%E7%8F%8A-sushan-110579861224987\x01\x01\x01/\x01\x04\x08Y\x01\x0432D']"
5999935,['https://public.hare200.com/avatar/md/1d980d86-b52d-4170-8e37-c6d4eab0717f/42d649d4-5886-46ae-868e-a565a617b37e.jpeg2\x03ç„¡Rahttps://resource.stars.hare200.com/5999935/resize/Banner/ec7ea074-e9e4-4a33-a56c-0210a4885f94.jpgZ#https://www.instagram.com/appleblu3\x01']
6075571,['https://www.instagram.com/baipl_oo\x01']
5999948,['https://resource.stars.hare200.com/5999948/resize/Banner/c7ea2eab-9633-4f8f-9f14-0e7e10bb9585.jpgZ$https://www.instagram.com/lookmoo_pt\x01']
6075572,['https://public.hare200.com/avatar/md/c4b4844a-b902-4221-a280-b6c8b8537285/f1101c72-8940-483b-8aba-a4f330033655.jpeg2\x03ç„¡Rahttps://resource.stars.hare200.com/6075572/resize/Banner/3752c7ea-29f5-4eb5-90c0-a83d31e0afff.jpgZ!https://www.instagram.com/p.sosud\x01']
6075573,['https://public.hare200.com/avatar/md/f53a9780-1803-4c25-86d7-e1f03c1297d4/08baa6fa-2f96-40a2-a103-7a33aafbaf2b.jpeg2\x03ç„¡Rahttps://resource.stars.hare200.com/6075573/resize/Banner/33129533-a461-417a-80a0-5c57dd106a4d.jpgZ*https://www.instagram.com/penhere_raimakpa\x01']
6075575,['https://public.hare200.com/avatar/md/597ac0f7-0143-47db-a91b-6995f083f084/f32ad8f3-a8ab-4672-93f4-4be44c2411a2.jpeg2\x03ç„¡Rahttps://resource.stars.hare200.com/6075575/resize/Banner/e6ca6f69-eaa7-4b4f-b007-4a453f195a66.jpgZ#https://www.instagram.com/shannmccp\x01']
6075576,['https://www.instagram.com/waicnpkc\x01']
6075577,['https://www.instagram.com/alicechanikan\x01']
6075578,['https://public.hare200.com/avatar/md/5f821bd7-cf73-47d3-b729-7127e1ec0213/3d787e39-57af-4f1a-9fae-2411846df128.jpeg2\x03ç„¡Rahttps://resource.stars.hare200.com/6075578/resize/Banner/ca0dab69-f241-4913-b8d9-55318e506197.jpgZ#https://www.instagram.com/sizskikky\x01']
5999938,['https://www.instagram.com/kwang_jirawun\x01']
6075579,['https://public.hare200.com/avatar/md/c94158c2-1e61-42bb-8b7d-f2362c9cd33f/3cf4e728-1c4e-44ef-9868-7891d0c4f850.jpeg2\x03ç„¡Rahttps://resource.stars.hare200.com/6075579/resize/Banner/25c05abc-a067-4bdc-a261-d33961773dee.jpgZ%https://www.instagram.com/nook_juju25\x01']
6075580,[]
6075582,['https://public.hare200.com/avatar/md/4912fd17-2627-4589-9222-a677a11df828/45f11979-537e-4556-80c2-817b8cb492fa.jpeg2\x03ç„¡Rahttps://resource.stars.hare200.com/6075582/resize/Banner/097cdeda-1905-473d-b1bc-6ee96144d4e0.jpgZ(https://www.instagram.com/vevavalentinee\x01']
6075583,['https://public.hare200.com/avatar/md/a2bbe2b5-b64f-4924-b6ec-59cc5e77cdae/885b26c2-06f8-415e-9d2e-99c119aaaa0e.jpeg2\x03ç„¡Rahttps://resource.stars.hare200.com/6075583/resize/Banner/e18bae14-f6ca-42b7-82da-2c00c88b8afe.jpgZ%https://www.instagram.com/akair_aikii\x01']
6078345,['https://public.hare200.com/avatar/md/513c547c-f6be-4014-b5a6-0f31a7f01e6c/6236d3eb-04de-46eb-88a2-4f8a2e9aa8d7.jpeg2=å¤§å®¶å¥½ï¼Œæˆ‘æ˜¯æ´»èºæ–¼å¨›æ¨‚é ˜åŸŸçš„å‰µä½œè€…Furyå…ƒã€‚Rahttps://resource.stars.hare200.com/6078345/resize/Banner/67d63d6b-6bb2-44c2-8ab7-b6fa984b75da.jpgZ#https://www.instagram.com/s_fute19/\x01']
6078346,['https://resource.stars.hare200.com/6078346/resize/Banner/1a2268f7-1c6b-49a0-89b2-9b6980e031ea.jpgZ$https://www.instagram.com/djmiu_2km/\x01']
6078347,['https://public.hare200.com/avatar/md/553dc7a7-3743-452d-a586-dfb328e3e836/581e3053-5d7c-4f7a-bc44-2ad5a4cedf55.jpeg2Bå¤§å®¶å¥½ï¼Œæˆ‘æ˜¯Juuï¼Œåœ¨éŸ“åœ‹å¾äº‹ç›´æ’­èˆ‡æ¨¡ç‰¹å…’å·¥ä½œã€‚Rahttps://resource.stars.hare200.com/6078347/resize/Banner/43d68362-0055-403d-8bc0-a511ae062393.jpgZ%https://www.instagram.com/rlwndud05_/\x01']
6078348,['https://public.hare200.com/avatar/md/07bb2188-cfd9-422d-8b1a-d6cd0165681f/2ae74717-5255-4fc1-b614-d7754a0b35e4.jpeg2Aæˆ‘æ˜¯25æ­²çš„æ½¤æ½¤å­ï¼Œç›®å‰åœ¨åšç¶²ç´…å…¼æ¨¡ç‰¹å…’å·¥ä½œã€‚Rahttps://resource.stars.hare200.com/6078348/resize/Banner/22e0a201-4dec-4abb-b4fd-2a86660c2fe8.jpgZ#https://www.instagram.com/jini_yun_\x01']
6078349,['https://public.hare200.com/avatar/md/77362cdf-6b80-4991-97ac-3f2823da984f/5e540be6-0714-4c5e-b522-6e5c50afcf5a.jpeg26æˆ‘æ˜¯èªå«£ï¼Œåœ¨éŸ“åœ‹æ“”ä»»æ¨¡ç‰¹å…’åŠå‰µä½œè€…ã€‚Rahttps://resource.stars.hare200.com/6078349/resize/Banner/96a706df-eb8a-4e14-b69f-35a19a6641c0.jpgZ%https://www.instagram.com/seo.ahn98_/\x01']
6078351,['https://www.instagram.com/noahohc/\x01']
6078429,[]
6078430,[]
6078431,[]
6038845,[]
6038841,[]
6075835,[]
6078336,[]
6078337,[]
6078338,[]
6078339,[]
6078340,[]
6078341,[]
6078342,[]
6078343,[]
